"Title","Country","Longitude","Latitude"
"Gladiator","UK",-2.69531,54.75844
"Big Momma's House","Germany",10.5,51.5
"Shaft","Germany",10.5,51.5
"Chicken Run","UK",-2.69531,54.75844
"Chicken Run","France",2,46
"The Patriot","Germany",10.5,51.5
"The Adventures of Rocky & Bullwinkle","Germany",10.5,51.5
"Thomas and the Magic Railroad","UK",-2.69531,54.75844
"Hollow Man","Germany",10.5,51.5
"Space Cowboys","Australia",135,-25
"Bless the Child","Germany",10.5,51.5
"The Cell","Germany",10.5,51.5
"The Art of War","Canada",-113.64258,60.10867
"Nurse Betty","Germany",10.5,51.5
"Bait","Canada",-113.64258,60.10867
"Bait","Australia",135,-25
"Urban Legends: Final Cut","France",2,46
"Dancer in the Dark","Spain",-4,40
"Dancer in the Dark","Argentina",-64,-34
"Dancer in the Dark","Denmark",10,56
"Dancer in the Dark","Germany",10.5,51.5
"Dancer in the Dark","Netherlands",5.75,52.5
"Dancer in the Dark","Italy",12.83333,42.83333
"Dancer in the Dark","UK",-2.69531,54.75844
"Dancer in the Dark","France",2,46
"Dancer in the Dark","Sweden",15,62
"Dancer in the Dark","Finland",26,64
"Dancer in the Dark","Iceland",-18,65
"Dancer in the Dark","Norway",10,62
"Digimon: The Movie","Japan",139.75309,35.68536
"The Contender","Germany",10.5,51.5
"The Contender","UK",-2.69531,54.75844
"Dr. T and the Women","Germany",10.5,51.5
"Bedazzled","Germany",10.5,51.5
"Lucky Numbers","France",2,46
"The Little Vampire","Germany",10.5,51.5
"The Little Vampire","Netherlands",5.75,52.5
"Charlie's Angels","Germany",10.5,51.5
"Red Planet","Australia",135,-25
"How the Grinch Stole Christmas","Germany",10.5,51.5
"102 Dalmatians","UK",-2.69531,54.75844
"What's Cooking?","UK",-2.69531,54.75844
"Dungeons & Dragons","Czech Republic",15,49.75
"Vertical Limit","Germany",10.5,51.5
"Miss Congeniality","Australia",135,-25
"Quills","UK",-2.69531,54.75844
"Quills","Germany",10.5,51.5
"Traffic","Germany",10.5,51.5
"State and Main","France",2,46
"Crouching Tiger, Hidden Dragon","Taiwan",121,24
"Crouching Tiger, Hidden Dragon","Hong Kong",114.1577,22.28552
"Crouching Tiger, Hidden Dragon","China",105,35
"Chocolat","UK",-2.69531,54.75844
"Snatch.","UK",-2.69531,54.75844
"Shadow of the Vampire","UK",-2.69531,54.75844
"Shadow of the Vampire","Luxembourg",6.16667,49.75
"O Brother, Where Art Thou?","UK",-2.69531,54.75844
"O Brother, Where Art Thou?","France",2,46
"The Golden Bowl","France",2,46
"The Golden Bowl","UK",-2.69531,54.75844
"The Endurance","UK",-2.69531,54.75844
"The Endurance","Germany",10.5,51.5
"The Endurance","Sweden",15,62
"Hannibal","UK",-2.69531,54.75844
"Saving Silverman","Australia",135,-25
"Down to Earth","Australia",135,-25
"Down to Earth","Germany",10.5,51.5
"Down to Earth","Canada",-113.64258,60.10867
"Haunted Castle","Belgium",4,50.83333
"See Spot Run","Australia",135,-25
"15 Minutes","Germany",10.5,51.5
"Enemy at the Gates","France",2,46
"Enemy at the Gates","Germany",10.5,51.5
"Enemy at the Gates","UK",-2.69531,54.75844
"Enemy at the Gates","Ireland",-8,53
"Exit Wounds","Australia",135,-25
"Along Came a Spider","Germany",10.5,51.5
"Along Came a Spider","Canada",-113.64258,60.10867
"Josie and the Pussycats","Canada",-113.64258,60.10867
"Crocodile Dundee in Los Angeles","Australia",135,-25
"Driven","Canada",-113.64258,60.10867
"Driven","Australia",135,-25
"The Tailor of Panama","Ireland",-8,53
"Moulin Rouge!","Australia",135,-25
"Swordfish","Australia",135,-25
"Lara Croft: Tomb Raider","UK",-2.69531,54.75844
"Lara Croft: Tomb Raider","Japan",139.75309,35.68536
"Lara Croft: Tomb Raider","Germany",10.5,51.5
"The Fast and the Furious","Germany",10.5,51.5
"Cats & Dogs","Australia",135,-25
"Kiss of the Dragon","France",2,46
"Final Fantasy: The Spirits Within","Japan",139.75309,35.68536
"The Score","Germany",10.5,51.5
"Original Sin","France",2,46
"Rush Hour 2","Hong Kong",114.1577,22.28552
"The Others","Spain",-4,40
"The Others","France",2,46
"The Others","Italy",12.83333,42.83333
"Rat Race","Canada",-113.64258,60.10867
"Captain Corelli's Mandolin","UK",-2.69531,54.75844
"Captain Corelli's Mandolin","France",2,46
"The Curse of the Jade Scorpion","Germany",10.5,51.5
"Jeepers Creepers","Germany",10.5,51.5
"The Musketeer","Germany",10.5,51.5
"The Musketeer","Luxembourg",6.16667,49.75
"The Musketeer","UK",-2.69531,54.75844
"Ghost World","UK",-2.69531,54.75844
"Ghost World","Germany",10.5,51.5
"Hearts in Atlantis","Australia",135,-25
"Don't Say a Word","Australia",135,-25
"Don't Say a Word","Switzerland",8.01427,47.00016
"Don't Say a Word","Canada",-113.64258,60.10867
"Zoolander","Germany",10.5,51.5
"Training Day","Australia",135,-25
"Mulholland Drive","France",2,46
"K-PAX","Germany",10.5,51.5
"Thir13en Ghosts","Canada",-113.64258,60.10867
"Heist","Canada",-113.64258,60.10867
"Shallow Hal","Germany",10.5,51.5
"The Man Who Wasn't There","UK",-2.69531,54.75844
"Harry Potter and the Sorcerer's Stone","UK",-2.69531,54.75844
"Spy Game","Germany",10.5,51.5
"Spy Game","Japan",139.75309,35.68536
"Spy Game","France",2,46
"Vanilla Sky","Spain",-4,40
"The Lord of the Rings: The Fellowship of the Ring","New Zealand",174,-42
"The Majestic","Australia",135,-25
"Who Is Cletis Tout?","Canada",-113.64258,60.10867
"American Adobo","Philippines",122,13
"Gosford Park","UK",-2.69531,54.75844
"Gosford Park","Italy",12.83333,42.83333
"Black Hawk Down","UK",-2.69531,54.75844
"Birthday Girl","UK",-2.69531,54.75844
"Iris","UK",-2.69531,54.75844
"The Mystic Masseur","UK",-2.69531,54.75844
"The Mystic Masseur","India",77,20
"Frailty","Germany",10.5,51.5
"Human Nature","France",2,46
"Monsoon Wedding","India",77,20
"Monsoon Wedding","Italy",12.83333,42.83333
"Monsoon Wedding","Germany",10.5,51.5
"Monsoon Wedding","France",2,46
"The Cat's Meow","Germany",10.5,51.5
"The Cat's Meow","UK",-2.69531,54.75844
"CQ","Luxembourg",6.16667,49.75
"CQ","France",2,46
"CQ","Italy",12.83333,42.83333
"Enigma","UK",-2.69531,54.75844
"Enigma","Germany",10.5,51.5
"Enigma","Netherlands",5.75,52.5
"Pok�mon 4: The Movie","Japan",139.75309,35.68536
"Cowboy Bebop: The Movie","Japan",139.75309,35.68536
"The Safety of Objects","UK",-2.69531,54.75844
"The Safety of Objects","Canada",-113.64258,60.10867
"Snow Dogs","Canada",-113.64258,60.10867
"Kung Pow: Enter the Fist","Hong Kong",114.1577,22.28552
"The Count of Monte Cristo","UK",-2.69531,54.75844
"The Count of Monte Cristo","Ireland",-8,53
"Slackers","Canada",-113.64258,60.10867
"Big Fat Liar","Germany",10.5,51.5
"Rollerball","Germany",10.5,51.5
"Rollerball","Japan",139.75309,35.68536
"Return to Never Land","Canada",-113.64258,60.10867
"Return to Never Land","Australia",135,-25
"Heaven","Germany",10.5,51.5
"Heaven","Italy",12.83333,42.83333
"Heaven","France",2,46
"Heaven","UK",-2.69531,54.75844
"Queen of the Damned","Australia",135,-25
"Dragonfly","Germany",10.5,51.5
"We Were Soldiers","Germany",10.5,51.5
"All About the Benjamins","Germany",10.5,51.5
"Showtime","Australia",135,-25
"Resident Evil","UK",-2.69531,54.75844
"Resident Evil","Germany",10.5,51.5
"Resident Evil","France",2,46
"Blade II","Germany",10.5,51.5
"Death to Smoochy","UK",-2.69531,54.75844
"Death to Smoochy","Germany",10.5,51.5
"Van Wilder: Party Liaison","Germany",10.5,51.5
"The Scorpion King","Germany",10.5,51.5
"The Scorpion King","Belgium",4,50.83333
"Deuces Wild","Germany",10.5,51.5
"Unfaithful","Germany",10.5,51.5
"Unfaithful","France",2,46
"About a Boy","UK",-2.69531,54.75844
"About a Boy","France",2,46
"About a Boy","Germany",10.5,51.5
"Insomnia","Canada",-113.64258,60.10867
"The Sum of All Fears","Germany",10.5,51.5
"Bad Company","Czech Republic",15,49.75
"Scooby-Doo","Australia",135,-25
"The Bourne Identity","Germany",10.5,51.5
"The Bourne Identity","Czech Republic",15,49.75
"Reign of Fire","Ireland",-8,53
"The Crocodile Hunter: Collision Course","Australia",135,-25
"Eight Legged Freaks","Australia",135,-25
"K-19: The Widowmaker","UK",-2.69531,54.75844
"K-19: The Widowmaker","Germany",10.5,51.5
"K-19: The Widowmaker","Canada",-113.64258,60.10867
"My Big Fat Greek Wedding","Canada",-113.64258,60.10867
"Blue Crush","Germany",10.5,51.5
"The Adventures of Pluto Nash","Australia",135,-25
"Serving Sara","Germany",10.5,51.5
"Feardotcom","UK",-2.69531,54.75844
"Feardotcom","Germany",10.5,51.5
"Feardotcom","Luxembourg",6.16667,49.75
"Feardotcom","Canada",-113.64258,60.10867
"Possession","UK",-2.69531,54.75844
"The Four Feathers","UK",-2.69531,54.75844
"Ballistic: Ecks vs. Sever","Germany",10.5,51.5
"Trapped","Germany",10.5,51.5
"Red Dragon","Germany",10.5,51.5
"The Rules of Attraction","Germany",10.5,51.5
"The Transporter","France",2,46
"Welcome to Collinwood","Germany",10.5,51.5
"The Ring","Japan",139.75309,35.68536
"Abandon","Germany",10.5,51.5
"Abandon","Canada",-113.64258,60.10867
"Ghost Ship","Australia",135,-25
"The Truth About Charlie","Germany",10.5,51.5
"8 Mile","Germany",10.5,51.5
"Harry Potter and the Chamber of Secrets","UK",-2.69531,54.75844
"Harry Potter and the Chamber of Secrets","Germany",10.5,51.5
"Bowling for Columbine","Canada",-113.64258,60.10867
"Bowling for Columbine","Germany",10.5,51.5
"Half Past Dead","Germany",10.5,51.5
"Die Another Day","UK",-2.69531,54.75844
"Frida","Canada",-113.64258,60.10867
"Frida","Mexico",-102,23
"They","Canada",-113.64258,60.10867
"Analyze That","Australia",135,-25
"The Lord of the Rings: The Two Towers","New Zealand",174,-42
"Two Weeks Notice","Australia",135,-25
"Gangs of New York","Italy",12.83333,42.83333
"Evelyn","Germany",10.5,51.5
"Evelyn","Ireland",-8,53
"Evelyn","UK",-2.69531,54.75844
"Evelyn","Netherlands",5.75,52.5
"Pinocchio","Italy",12.83333,42.83333
"Catch Me If You Can","Canada",-113.64258,60.10867
"Far from Heaven","France",2,46
"Narc","Canada",-113.64258,60.10867
"Chicago","Germany",10.5,51.5
"Chicago","Canada",-113.64258,60.10867
"Confessions of a Dangerous Mind","Germany",10.5,51.5
"Confessions of a Dangerous Mind","Canada",-113.64258,60.10867
"The Guru","UK",-2.69531,54.75844
"The Guru","France",2,46
"The Hours","UK",-2.69531,54.75844
"Dark Blue","UK",-2.69531,54.75844
"Dark Blue","Germany",10.5,51.5
"Boat Trip","Germany",10.5,51.5
"Raising Victor Vargas","France",2,46
"The Dancer Upstairs","Spain",-4,40
"Nicholas Nickleby","UK",-2.69531,54.75844
"Bend It Like Beckham","UK",-2.69531,54.75844
"Bend It Like Beckham","Germany",10.5,51.5
"Assassination Tango","Argentina",-64,-34
"Darkness","Spain",-4,40
"Darkness Falls","Australia",135,-25
"Final Destination 2","Canada",-113.64258,60.10867
"How to Lose a Guy in 10 Days","Germany",10.5,51.5
"Shanghai Knights","Hong Kong",114.1577,22.28552
"The Jungle Book 2","Australia",135,-25
"The Life of David Gale","Germany",10.5,51.5
"The Life of David Gale","UK",-2.69531,54.75844
"Agent Cody Banks","Canada",-113.64258,60.10867
"Willard","Canada",-113.64258,60.10867
"Dreamcatcher","Australia",135,-25
"Basic","Germany",10.5,51.5
"The Core","Germany",10.5,51.5
"The Core","Canada",-113.64258,60.10867
"A Man Apart","Germany",10.5,51.5
"Bulletproof Monk","Canada",-113.64258,60.10867
"Confidence","Canada",-113.64258,60.10867
"Confidence","Germany",10.5,51.5
"X-Men 2","Canada",-113.64258,60.10867
"The Matrix Reloaded","Australia",135,-25
"The Shape of Things","France",2,46
"The Shape of Things","UK",-2.69531,54.75844
"The In-Laws","Germany",10.5,51.5
"The In-Laws","Canada",-113.64258,60.10867
"The Italian Job","France",2,46
"The Italian Job","UK",-2.69531,54.75844
"Wrong Turn","Germany",10.5,51.5
"2 Fast 2 Furious","Germany",10.5,51.5
"Terminator 3: Rise of the Machines","Germany",10.5,51.5
"Terminator 3: Rise of the Machines","UK",-2.69531,54.75844
"The League of Extraordinary Gentlemen","Germany",10.5,51.5
"The League of Extraordinary Gentlemen","Czech Republic",15,49.75
"The League of Extraordinary Gentlemen","UK",-2.69531,54.75844
"Johnny English","UK",-2.69531,54.75844
"Johnny English","France",2,46
"Lara Croft Tomb Raider: The Cradle of Life","Germany",10.5,51.5
"Lara Croft Tomb Raider: The Cradle of Life","Japan",139.75309,35.68536
"Lara Croft Tomb Raider: The Cradle of Life","UK",-2.69531,54.75844
"American Wedding","Germany",10.5,51.5
"Masked and Anonymous","UK",-2.69531,54.75844
"Freddy vs. Jason","Canada",-113.64258,60.10867
"Freddy vs. Jason","Italy",12.83333,42.83333
"The Medallion","Hong Kong",114.1577,22.28552
"The Order","Germany",10.5,51.5
"Underworld","UK",-2.69531,54.75844
"Underworld","Germany",10.5,51.5
"Underworld","Hungary",20,47
"Anything Else","France",2,46
"Anything Else","UK",-2.69531,54.75844
"Cold Creek Manor","Canada",-113.64258,60.10867
"Cold Creek Manor","UK",-2.69531,54.75844
"Luther","Germany",10.5,51.5
"Under the Tuscan Sun","Italy",12.83333,42.83333
"School of Rock","Germany",10.5,51.5
"Lost in Translation","Japan",139.75309,35.68536
"House of the Dead","Germany",10.5,51.5
"House of the Dead","Canada",-113.64258,60.10867
"Mystic River","Australia",135,-25
"Party Monster","Netherlands",5.75,52.5
"Scary Movie 3","Canada",-113.64258,60.10867
"Wonderland","Canada",-113.64258,60.10867
"Beyond Borders","Germany",10.5,51.5
"In the Cut","Australia",135,-25
"In the Cut","UK",-2.69531,54.75844
"The Matrix Revolutions","Australia",135,-25
"Elf","Germany",10.5,51.5
"Looney Tunes: Back in Action","Germany",10.5,51.5
"Love Actually","UK",-2.69531,54.75844
"Love Actually","France",2,46
"Shattered Glass","Canada",-113.64258,60.10867
"The Last Samurai","New Zealand",174,-42
"The Last Samurai","Japan",139.75309,35.68536
"The Lord of the Rings: The Return of the King","New Zealand",174,-42
"Paycheck","Canada",-113.64258,60.10867
"Peter Pan","Australia",135,-25
"Peter Pan","UK",-2.69531,54.75844
"Casa de los babys","Mexico",-102,23
"Calendar Girls","UK",-2.69531,54.75844
"Monster","Germany",10.5,51.5
"Concert for George","UK",-2.69531,54.75844
"Touching the Void","UK",-2.69531,54.75844
"I'll Sleep When I'm Dead","UK",-2.69531,54.75844
"The Company","Germany",10.5,51.5
"Coffee and Cigarettes","Japan",139.75309,35.68536
"Coffee and Cigarettes","Italy",12.83333,42.83333
"Torque","Australia",135,-25
"The Butterfly Effect","Canada",-113.64258,60.10867
"The Perfect Score","Germany",10.5,51.5
"Catch That Kid","Germany",10.5,51.5
"Highwaymen","Canada",-113.64258,60.10867
"Against the Ropes","Germany",10.5,51.5
"Confessions of a Teenage Drama Queen","Germany",10.5,51.5
"Welcome to Mooseport","Germany",10.5,51.5
"Twisted","Germany",10.5,51.5
"Stateside","Germany",10.5,51.5
"Hidalgo","Morocco",-5,32
"Spartan","Germany",10.5,51.5
"NASCAR: The IMAX Experience","Canada",-113.64258,60.10867
"Taking Lives","Australia",135,-25
"Dawn of the Dead","Canada",-113.64258,60.10867
"Dawn of the Dead","Japan",139.75309,35.68536
"Dawn of the Dead","France",2,46
"Scooby-Doo 2: Monsters Unleashed","Canada",-113.64258,60.10867
"The Prince and Me","Czech Republic",15,49.75
"Ella Enchanted","Ireland",-8,53
"Ella Enchanted","UK",-2.69531,54.75844
"The Punisher","Germany",10.5,51.5
"Man on Fire","UK",-2.69531,54.75844
"Godsend","Canada",-113.64258,60.10867
"Envy","Australia",135,-25
"Mean Girls","Canada",-113.64258,60.10867
"Troy","Malta",14.43333,35.91667
"Troy","UK",-2.69531,54.75844
"A Day Without a Mexican","Mexico",-102,23
"A Day Without a Mexican","Spain",-4,40
"Harry Potter and the Prisoner of Azkaban","UK",-2.69531,54.75844
"Saved!","Canada",-113.64258,60.10867
"Around the World in 80 Days","Germany",10.5,51.5
"Around the World in 80 Days","Ireland",-8,53
"Around the World in 80 Days","UK",-2.69531,54.75844
"Dodgeball: A True Underdog Story","Germany",10.5,51.5
"King Arthur","UK",-2.69531,54.75844
"King Arthur","Ireland",-8,53
"A Cinderella Story","Canada",-113.64258,60.10867
"The Clearing","Germany",10.5,51.5
"The Bourne Supremacy","Germany",10.5,51.5
"Thunderbirds","UK",-2.69531,54.75844
"Thunderbirds","France",2,46
"Harold & Kumar Go to White Castle","Canada",-113.64258,60.10867
"Harold & Kumar Go to White Castle","Germany",10.5,51.5
"De-Lovely","UK",-2.69531,54.75844
"Maria Full of Grace","Colombia",-72,4
"Maria Full of Grace","Ecuador",-77.5,-2
"AVP: Alien vs. Predator","UK",-2.69531,54.75844
"AVP: Alien vs. Predator","Czech Republic",15,49.75
"AVP: Alien vs. Predator","Canada",-113.64258,60.10867
"AVP: Alien vs. Predator","Germany",10.5,51.5
"Yu-Gi-Oh!: The Movie","Japan",139.75309,35.68536
"Riding Giants","France",2,46
"Suspect Zero","UK",-2.69531,54.75844
"Suspect Zero","Germany",10.5,51.5
"Superbabies: Baby Geniuses 2","Germany",10.5,51.5
"Superbabies: Baby Geniuses 2","UK",-2.69531,54.75844
"Vanity Fair","UK",-2.69531,54.75844
"Vanity Fair","India",77,20
"We Don't Live Here Anymore","Canada",-113.64258,60.10867
"Resident Evil: Apocalypse","Germany",10.5,51.5
"Resident Evil: Apocalypse","France",2,46
"Resident Evil: Apocalypse","UK",-2.69531,54.75844
"Resident Evil: Apocalypse","Canada",-113.64258,60.10867
"Cellular","Germany",10.5,51.5
"Wimbledon","UK",-2.69531,54.75844
"Wimbledon","France",2,46
"Sky Captain and the World of Tomorrow","UK",-2.69531,54.75844
"Sky Captain and the World of Tomorrow","Italy",12.83333,42.83333
"Shaun of the Dead","UK",-2.69531,54.75844
"Shaun of the Dead","France",2,46
"Taxi","France",2,46
"A Home at the End of the World","Canada",-113.64258,60.10867
"Team America: World Police","Germany",10.5,51.5
"The Motorcycle Diaries","Argentina",-64,-34
"The Motorcycle Diaries","Chile",-71,-30
"The Motorcycle Diaries","Peru",-76,-10
"The Motorcycle Diaries","Brazil",-55,-10
"The Motorcycle Diaries","UK",-2.69531,54.75844
"The Motorcycle Diaries","Germany",10.5,51.5
"The Motorcycle Diaries","France",2,46
"The Final Cut","Canada",-113.64258,60.10867
"The Final Cut","Germany",10.5,51.5
"The Assassination of Richard Nixon","Mexico",-102,23
"The Grudge","Japan",139.75309,35.68536
"I Heart Huckabees","UK",-2.69531,54.75844
"I Heart Huckabees","Germany",10.5,51.5
"Saw","Australia",135,-25
"Birth","UK",-2.69531,54.75844
"Birth","Germany",10.5,51.5
"Birth","France",2,46
"Alfie","UK",-2.69531,54.75844
"Seed of Chucky","Romania",25,46
"Seed of Chucky","UK",-2.69531,54.75844
"Bridget Jones: The Edge of Reason","UK",-2.69531,54.75844
"Bridget Jones: The Edge of Reason","France",2,46
"Bridget Jones: The Edge of Reason","Germany",10.5,51.5
"Bridget Jones: The Edge of Reason","Ireland",-8,53
"Alexander","Germany",10.5,51.5
"Alexander","Netherlands",5.75,52.5
"Alexander","France",2,46
"Alexander","UK",-2.69531,54.75844
"Alexander","Italy",12.83333,42.83333
"The Machinist","Spain",-4,40
"Eros","Italy",12.83333,42.83333
"Eros","Hong Kong",114.1577,22.28552
"Eros","France",2,46
"Eros","Luxembourg",6.16667,49.75
"Eros","UK",-2.69531,54.75844
"Closer","UK",-2.69531,54.75844
"Lemony Snicket's A Series of Unfortunate Events","Germany",10.5,51.5
"The Phantom of the Opera","UK",-2.69531,54.75844
"The Aviator","Germany",10.5,51.5
"Beyond the Sea","Germany",10.5,51.5
"Beyond the Sea","UK",-2.69531,54.75844
"Kinsey","Germany",10.5,51.5
"A Very Long Engagement","France",2,46
"Duck Season","Mexico",-102,23
"Sideways","Hungary",20,47
"Riding the Bullet","Germany",10.5,51.5
"Riding the Bullet","Canada",-113.64258,60.10867
"Hotel Rwanda","UK",-2.69531,54.75844
"Hotel Rwanda","Italy",12.83333,42.83333
"Hotel Rwanda","South Africa",24,-29
"Hotel Rwanda","Canada",-113.64258,60.10867
"The Merchant of Venice","Italy",12.83333,42.83333
"The Merchant of Venice","Luxembourg",6.16667,49.75
"The Merchant of Venice","UK",-2.69531,54.75844
"Being Julia","Canada",-113.64258,60.10867
"Being Julia","Hungary",20,47
"Being Julia","UK",-2.69531,54.75844
"Eulogy","UK",-2.69531,54.75844
"Eulogy","Germany",10.5,51.5
"Bride & Prejudice","UK",-2.69531,54.75844
"Bride & Prejudice","India",77,20
"Jiminy Glick in Lalawood","Canada",-113.64258,60.10867
"Crash","Germany",10.5,51.5
"A Good Woman","UK",-2.69531,54.75844
"A Good Woman","Italy",12.83333,42.83333
"A Good Woman","Spain",-4,40
"A Good Woman","Luxembourg",6.16667,49.75
"Yes","UK",-2.69531,54.75844
"Innocent Voices","Mexico",-102,23
"Innocent Voices","Puerto Rico",-66.49989,18.24829
"Haven","UK",-2.69531,54.75844
"Haven","Germany",10.5,51.5
"Haven","Spain",-4,40
"Why We Fight","France",2,46
"Why We Fight","UK",-2.69531,54.75844
"Why We Fight","Canada",-113.64258,60.10867
"Why We Fight","Denmark",10,56
"White Noise","UK",-2.69531,54.75844
"White Noise","Canada",-113.64258,60.10867
"Coach Carter","Germany",10.5,51.5
"Elektra","Canada",-113.64258,60.10867
"Assault on Precinct 13","France",2,46
"Are We There Yet?","Canada",-113.64258,60.10867
"Alone in the Dark","Canada",-113.64258,60.10867
"Alone in the Dark","Germany",10.5,51.5
"Hide and Seek","Germany",10.5,51.5
"Boogeyman","New Zealand",174,-42
"Boogeyman","Germany",10.5,51.5
"Constantine","Germany",10.5,51.5
"Son of the Mask","Germany",10.5,51.5
"The Jacket","Germany",10.5,51.5
"The Pacifier","Canada",-113.64258,60.10867
"Hostage","Germany",10.5,51.5
"Ice Princess","Canada",-113.64258,60.10867
"Miss Congeniality 2: Armed and Fabulous","Australia",135,-25
"The Upside of Anger","Germany",10.5,51.5
"The Upside of Anger","UK",-2.69531,54.75844
"Fever Pitch","Germany",10.5,51.5
"Sahara","UK",-2.69531,54.75844
"Sahara","Spain",-4,40
"Sahara","Germany",10.5,51.5
"King's Ransom","Canada",-113.64258,60.10867
"The Interpreter","UK",-2.69531,54.75844
"The Interpreter","France",2,46
"The Interpreter","Germany",10.5,51.5
"Factotum","Norway",10,62
"Factotum","Germany",10.5,51.5
"Factotum","France",2,46
"Factotum","Italy",12.83333,42.83333
"Kingdom of Heaven","UK",-2.69531,54.75844
"Kingdom of Heaven","Spain",-4,40
"Kingdom of Heaven","Germany",10.5,51.5
"Kingdom of Heaven","Morocco",-5,32
"House of Wax","Australia",135,-25
"Unleashed","France",2,46
"Unleashed","UK",-2.69531,54.75844
"Monster-in-Law","Germany",10.5,51.5
"The Sisterhood of the Traveling Pants","Greece",22,39
"The Sisterhood of the Traveling Pants","Mexico",-102,23
"Lords of Dogtown","Germany",10.5,51.5
"The Honeymooners","Germany",10.5,51.5
"Batman Begins","UK",-2.69531,54.75844
"Rize","UK",-2.69531,54.75844
"Land of the Dead","Canada",-113.64258,60.10867
"Land of the Dead","France",2,46
"Fantastic Four","Germany",10.5,51.5
"Charlie and the Chocolate Factory","UK",-2.69531,54.75844
"Charlie and the Chocolate Factory","Australia",135,-25
"The Devil's Rejects","Germany",10.5,51.5
"March of the Penguins","France",2,46
"The Wendell Baker Story","Germany",10.5,51.5
"The Dukes of Hazzard","Australia",135,-25
"Me and You and Everyone We Know","UK",-2.69531,54.75844
"The Skeleton Key","Germany",10.5,51.5
"The Great Raid","Australia",135,-25
"Valiant","UK",-2.69531,54.75844
"Don't Come Knocking","France",2,46
"Don't Come Knocking","Germany",10.5,51.5
"Broken Flowers","France",2,46
"Undiscovered","Germany",10.5,51.5
"The Cave","Germany",10.5,51.5
"The Constant Gardener","UK",-2.69531,54.75844
"The Constant Gardener","Germany",10.5,51.5
"The Constant Gardener","China",105,35
"A Sound of Thunder","UK",-2.69531,54.75844
"A Sound of Thunder","Germany",10.5,51.5
"A Sound of Thunder","Czech Republic",15,49.75
"Green Street Hooligans","UK",-2.69531,54.75844
"The Man","Germany",10.5,51.5
"Lord of War","Germany",10.5,51.5
"Lord of War","France",2,46
"An Unfinished Life","Germany",10.5,51.5
"Corpse Bride","UK",-2.69531,54.75844
"A History of Violence","Germany",10.5,51.5
"A History of Violence","Canada",-113.64258,60.10867
"The Greatest Game Ever Played","Canada",-113.64258,60.10867
"The Curse of the Were-Rabbit","UK",-2.69531,54.75844
"In Her Shoes","Germany",10.5,51.5
"In Her Shoes","UK",-2.69531,54.75844
"Doom","UK",-2.69531,54.75844
"Doom","Czech Republic",15,49.75
"Doom","Germany",10.5,51.5
"El vacil�n: The Movie","Dominican Republic",-70.66667,19
"Saw II","Canada",-113.64258,60.10867
"The Weather Man","Germany",10.5,51.5
"Jarhead","Germany",10.5,51.5
"Good Night, and Good Luck.","France",2,46
"Good Night, and Good Luck.","UK",-2.69531,54.75844
"Good Night, and Good Luck.","Japan",139.75309,35.68536
"Get Rich or Die Tryin'","Canada",-113.64258,60.10867
"Derailed","UK",-2.69531,54.75844
"Walk the Line","Germany",10.5,51.5
"Harry Potter and the Goblet of Fire","UK",-2.69531,54.75844
"Bee Season","Germany",10.5,51.5
"Just Friends","Germany",10.5,51.5
"Just Friends","Canada",-113.64258,60.10867
"Pride & Prejudice","France",2,46
"Pride & Prejudice","UK",-2.69531,54.75844
"The Chronicles of Narnia: The Lion, the Witch and the Wardrobe","UK",-2.69531,54.75844
"Syriana","United Arab Emirates",54,24
"King Kong","New Zealand",174,-42
"King Kong","Germany",10.5,51.5
"Cheaper by the Dozen 2","Canada",-113.64258,60.10867
"Rumor Has It...","Germany",10.5,51.5
"Rumor Has It...","Australia",135,-25
"Munich","France",2,46
"Munich","Canada",-113.64258,60.10867
"BloodRayne","Germany",10.5,51.5
"Brokeback Mountain","Canada",-113.64258,60.10867
"Match Point","UK",-2.69531,54.75844
"Match Point","Russia",100,60
"Match Point","Ireland",-8,53
"Match Point","Luxembourg",6.16667,49.75
"The New World","UK",-2.69531,54.75844
"Nanny McPhee","UK",-2.69531,54.75844
"Nanny McPhee","France",2,46
"The Matador","Germany",10.5,51.5
"The Matador","Ireland",-8,53
"Capote","Canada",-113.64258,60.10867
"Mrs Henderson Presents","UK",-2.69531,54.75844
"The Three Burials of Melquiades Estrada","France",2,46
"Mirrormask","UK",-2.69531,54.75844
"V for Vendetta","UK",-2.69531,54.75844
"V for Vendetta","Germany",10.5,51.5
"The World's Fastest Indian","New Zealand",174,-42
"The World's Fastest Indian","Switzerland",8.01427,47.00016
"The World's Fastest Indian","Japan",139.75309,35.68536
"The White Countess","UK",-2.69531,54.75844
"The White Countess","Germany",10.5,51.5
"The White Countess","China",105,35
"La mujer de mi hermano","Argentina",-64,-34
"La mujer de mi hermano","Mexico",-102,23
"La mujer de mi hermano","Peru",-76,-10
"The Promise","China",105,35
"The Promise","South Korea",127.5,37
"An American Haunting","UK",-2.69531,54.75844
"An American Haunting","Canada",-113.64258,60.10867
"An American Haunting","Romania",25,46
"Goal! The Dream Begins","UK",-2.69531,54.75844
"Kinky Boots","UK",-2.69531,54.75844
"Lassie","France",2,46
"Lassie","Ireland",-8,53
"Lassie","UK",-2.69531,54.75844
"The Protector","Thailand",100,15
"The Protector","Hong Kong",114.1577,22.28552
"Tristan + Isolde","UK",-2.69531,54.75844
"Tristan + Isolde","Germany",10.5,51.5
"Tristan + Isolde","Czech Republic",15,49.75
"The Pink Panther","Czech Republic",15,49.75
"Firewall","Australia",135,-25
"Final Destination 3","Germany",10.5,51.5
"Final Destination 3","Canada",-113.64258,60.10867
"Date Movie","Switzerland",8.01427,47.00016
"Doogal","UK",-2.69531,54.75844
"Doogal","France",2,46
"Running Scared","Germany",10.5,51.5
"Deep Sea","Canada",-113.64258,60.10867
"16 Blocks","Germany",10.5,51.5
"Aquamarine","Australia",135,-25
"The Hills Have Eyes","France",2,46
"Find Me Guilty","Germany",10.5,51.5
"Slither","Canada",-113.64258,60.10867
"Basic Instinct 2","UK",-2.69531,54.75844
"Basic Instinct 2","Germany",10.5,51.5
"Basic Instinct 2","Spain",-4,40
"Ask the Dust","Germany",10.5,51.5
"The Wild","Canada",-113.64258,60.10867
"Silent Hill","Canada",-113.64258,60.10867
"Silent Hill","France",2,46
"Silent Hill","Japan",139.75309,35.68536
"RV","UK",-2.69531,54.75844
"RV","Germany",10.5,51.5
"Stick It","Germany",10.5,51.5
"United 93","France",2,46
"United 93","UK",-2.69531,54.75844
"Mission: Impossible III","Germany",10.5,51.5
"Mission: Impossible III","China",105,35
"The Da Vinci Code","Malta",14.43333,35.91667
"The Da Vinci Code","France",2,46
"The Da Vinci Code","UK",-2.69531,54.75844
"X-Men: The Last Stand","Canada",-113.64258,60.10867
"X-Men: The Last Stand","UK",-2.69531,54.75844
"Garfield 2","UK",-2.69531,54.75844
"The Lake House","Australia",135,-25
"Nacho Libre","Germany",10.5,51.5
"Peaceful Warrior","Germany",10.5,51.5
"The Devil Wears Prada","France",2,46
"Littleman","Canada",-113.64258,60.10867
"Miami Vice","Germany",10.5,51.5
"Miami Vice","Paraguay",-57.99639,-22.99333
"Miami Vice","Uruguay",-56,-33
"Scoop","UK",-2.69531,54.75844
"John Tucker Must Die","Canada",-113.64258,60.10867
"Barnyard","Germany",10.5,51.5
"Barnyard","Netherlands",5.75,52.5
"Snakes on a Plane","Germany",10.5,51.5
"Snakes on a Plane","Canada",-113.64258,60.10867
"Beerfest","Australia",135,-25
"The Illusionist","Czech Republic",15,49.75
"Everyone's Hero","Canada",-113.64258,60.10867
"The Black Dahlia","Germany",10.5,51.5
"The Black Dahlia","France",2,46
"Flyboys","UK",-2.69531,54.75844
"The Departed","Hong Kong",114.1577,22.28552
"Alex Rider: Operation Stormbreaker","Germany",10.5,51.5
"Alex Rider: Operation Stormbreaker","UK",-2.69531,54.75844
"The Grudge 2","Japan",139.75309,35.68536
"O Jerusalem","France",2,46
"O Jerusalem","UK",-2.69531,54.75844
"O Jerusalem","Italy",12.83333,42.83333
"O Jerusalem","Greece",22,39
"O Jerusalem","Israel",34.75,31.5
"Flicka","UK",-2.69531,54.75844
"The Prestige","UK",-2.69531,54.75844
"Marie Antoinette","France",2,46
"Marie Antoinette","Japan",139.75309,35.68536
"Lonely Hearts","Germany",10.5,51.5
"Saw III","Canada",-113.64258,60.10867
"Catch a Fire","France",2,46
"Catch a Fire","UK",-2.69531,54.75844
"Catch a Fire","South Africa",24,-29
"Borat: Cultural Learnings of America for Make Benefit Glorious Nation of Kazakhstan","UK",-2.69531,54.75844
"Flushed Away","UK",-2.69531,54.75844
"Babel","France",2,46
"Babel","Mexico",-102,23
"Breaking and Entering","UK",-2.69531,54.75844
"A Good Year","UK",-2.69531,54.75844
"Goya's Ghosts","Spain",-4,40
"Fast Food Nation","UK",-2.69531,54.75844
"Happy Feet","Australia",135,-25
"The Queen","UK",-2.69531,54.75844
"The Queen","France",2,46
"The Queen","Italy",12.83333,42.83333
"Casino Royale","UK",-2.69531,54.75844
"Casino Royale","Czech Republic",15,49.75
"Casino Royale","Germany",10.5,51.5
"Casino Royale","Bahamas",-77.37122,25.04082
"The Fountain","Canada",-113.64258,60.10867
"Tenacious D in The Pick of Destiny","Germany",10.5,51.5
"Deja Vu","UK",-2.69531,54.75844
"Blood Diamond","Germany",10.5,51.5
"Charlotte's Web","Germany",10.5,51.5
"Night at the Museum","UK",-2.69531,54.75844
"Thr3e","Poland",20,52
"Thr3e","UK",-2.69531,54.75844
"Children of Men","UK",-2.69531,54.75844
"Happily N'Ever After","Germany",10.5,51.5
"Alpha Dog","Germany",10.5,51.5
"Pan's Labyrinth","Spain",-4,40
"Pan's Labyrinth","Mexico",-102,23
"The Painted Veil","China",105,35
"The Painted Veil","Canada",-113.64258,60.10867
"Smokin' Aces","UK",-2.69531,54.75844
"Smokin' Aces","France",2,46
"The Bridge","UK",-2.69531,54.75844
"Amazing Grace","UK",-2.69531,54.75844
"Copying Beethoven","Germany",10.5,51.5
"Copying Beethoven","Hungary",20,47
"Miss Potter","UK",-2.69531,54.75844
"Miss Potter","Isle of Man",-4.5,54.25
"Starter for 10","UK",-2.69531,54.75844
"First Snow","Germany",10.5,51.5
"The Namesake","India",77,20
"Bug","Germany",10.5,51.5
"Away from Her","Canada",-113.64258,60.10867
"Away from Her","UK",-2.69531,54.75844
"DOA: Dead or Alive","Germany",10.5,51.5
"DOA: Dead or Alive","UK",-2.69531,54.75844
"Rescue Dawn","Luxembourg",6.16667,49.75
"Skinwalkers","Canada",-113.64258,60.10867
"Skinwalkers","Germany",10.5,51.5
"Fay Grim","Germany",10.5,51.5
"Fay Grim","France",2,46
"Bella","Mexico",-102,23
"Southland Tales","France",2,46
"Southland Tales","Germany",10.5,51.5
"Penelope","UK",-2.69531,54.75844
"The Fall","India",77,20
"Civic Duty","UK",-2.69531,54.75844
"Civic Duty","Canada",-113.64258,60.10867
"Freedom Writers","Germany",10.5,51.5
"Blood and Chocolate","UK",-2.69531,54.75844
"Blood and Chocolate","Germany",10.5,51.5
"Blood and Chocolate","Romania",25,46
"Ghost Rider","Australia",135,-25
"Bridge to Terabithia","New Zealand",174,-42
"The Number 23","Germany",10.5,51.5
"TMNT","Hong Kong",114.1577,22.28552
"Pride","Germany",10.5,51.5
"Firehouse Dog","Canada",-113.64258,60.10867
"Are We Done Yet?","Canada",-113.64258,60.10867
"Fracture","Germany",10.5,51.5
"Hot Fuzz","UK",-2.69531,54.75844
"Hot Fuzz","France",2,46
"The Invisible","Canada",-113.64258,60.10867
"Lucky You","Germany",10.5,51.5
"Lucky You","Australia",135,-25
"Interview","Canada",-113.64258,60.10867
"Interview","Netherlands",5.75,52.5
"Fantastic 4: Rise of the Silver Surfer","Germany",10.5,51.5
"Fantastic 4: Rise of the Silver Surfer","UK",-2.69531,54.75844
"A Mighty Heart","UK",-2.69531,54.75844
"Live Free or Die Hard","UK",-2.69531,54.75844
"Evening","Germany",10.5,51.5
"License to Wed","Australia",135,-25
"Harry Potter and the Order of the Phoenix","UK",-2.69531,54.75844
"Captivity","Russia",100,60
"Hairspray","UK",-2.69531,54.75844
"No Reservations","Australia",135,-25
"The Bourne Ultimatum","Germany",10.5,51.5
"Rush Hour 3","Germany",10.5,51.5
"Stardust","UK",-2.69531,54.75844
"Stardust","Iceland",-18,65
"The Walker","UK",-2.69531,54.75844
"The Invasion","Australia",135,-25
"September Dawn","Canada",-113.64258,60.10867
"The Brave One","Australia",135,-25
"The Hunting Party","Croatia",15.5,45.16667
"The Hunting Party","Bosnia and Herzegovina",17.83333,44.25
"Eastern Promises","UK",-2.69531,54.75844
"Eastern Promises","Canada",-113.64258,60.10867
"Good Luck Chuck","Canada",-113.64258,60.10867
"Resident Evil: Extinction","France",2,46
"Resident Evil: Extinction","Australia",135,-25
"Resident Evil: Extinction","Germany",10.5,51.5
"Resident Evil: Extinction","UK",-2.69531,54.75844
"The Kingdom","Germany",10.5,51.5
"Control","UK",-2.69531,54.75844
"Control","Australia",135,-25
"Control","Japan",139.75309,35.68536
"Elizabeth: The Golden Age","UK",-2.69531,54.75844
"Elizabeth: The Golden Age","France",2,46
"Elizabeth: The Golden Age","Germany",10.5,51.5
"Across the Universe","UK",-2.69531,54.75844
"Trade","Germany",10.5,51.5
"30 Days of Night","New Zealand",174,-42
"The Assassination of Jesse James by the Coward Robert Ford","Canada",-113.64258,60.10867
"The Assassination of Jesse James by the Coward Robert Ford","UK",-2.69531,54.75844
"Things We Lost in the Fire","UK",-2.69531,54.75844
"Things We Lost in the Fire","Canada",-113.64258,60.10867
"Paranoid Park","France",2,46
"Youth Without Youth","Romania",25,46
"Youth Without Youth","France",2,46
"Youth Without Youth","Italy",12.83333,42.83333
"Youth Without Youth","Germany",10.5,51.5
"Saw IV","Canada",-113.64258,60.10867
"American Gangster","UK",-2.69531,54.75844
"In the Shadow of the Moon","UK",-2.69531,54.75844
"Lars and the Real Girl","Canada",-113.64258,60.10867
"Bee Movie","Australia",135,-25
"Mr. Magorium's Wonder Emporium","Canada",-113.64258,60.10867
"Redacted","Canada",-113.64258,60.10867
"Sleuth","UK",-2.69531,54.75844
"The Golden Compass","UK",-2.69531,54.75844
"I'm Not There.","Germany",10.5,51.5
"I'm Not There.","Canada",-113.64258,60.10867
"Sweeney Todd: The Demon Barber of Fleet Street","UK",-2.69531,54.75844
"Charlie Wilson's War","Germany",10.5,51.5
"Atonement","UK",-2.69531,54.75844
"Atonement","France",2,46
"The Kite Runner","China",105,35
"In the Name of the King: A Dungeon Siege Tale","Germany",10.5,51.5
"In the Name of the King: A Dungeon Siege Tale","Canada",-113.64258,60.10867
"Cassandra's Dream","UK",-2.69531,54.75844
"Cassandra's Dream","France",2,46
"How She Move","Canada",-113.64258,60.10867
"How She Move","France",2,46
"The Diving Bell and the Butterfly","France",2,46
"Persepolis","France",2,46
"The Band's Visit","Israel",34.75,31.5
"The Band's Visit","France",2,46
"Married Life","Canada",-113.64258,60.10867
"Run, Fatboy, Run","UK",-2.69531,54.75844
"Funny Games","France",2,46
"Funny Games","UK",-2.69531,54.75844
"Funny Games","Austria",13.33333,47.33333
"Funny Games","Germany",10.5,51.5
"Funny Games","Italy",12.83333,42.83333
"Under the Same Moon","Mexico",-102,23
"88 Minutes","Germany",10.5,51.5
"88 Minutes","Canada",-113.64258,60.10867
"Then She Found Me","UK",-2.69531,54.75844
"Broken English","France",2,46
"Broken English","Japan",139.75309,35.68536
"Earth","UK",-2.69531,54.75844
"Earth","Germany",10.5,51.5
"One Missed Call","Japan",139.75309,35.68536
"One Missed Call","Germany",10.5,51.5
"Rambo","Germany",10.5,51.5
"The Eye","Canada",-113.64258,60.10867
"Definitely, Maybe","Germany",10.5,51.5
"Definitely, Maybe","UK",-2.69531,54.75844
"Definitely, Maybe","France",2,46
"Jumper","Canada",-113.64258,60.10867
"Be Kind Rewind","UK",-2.69531,54.75844
"Be Kind Rewind","France",2,46
"In Bruges","UK",-2.69531,54.75844
"The Other Boleyn Girl","UK",-2.69531,54.75844
"10,000 BC","South Africa",24,-29
"Miss Pettigrew Lives for a Day","UK",-2.69531,54.75844
"The Bank Job","UK",-2.69531,54.75844
"The Bank Job","Australia",135,-25
"Doomsday","UK",-2.69531,54.75844
"Doomsday","South Africa",24,-29
"Doomsday","Germany",10.5,51.5
"Leatherheads","Germany",10.5,51.5
"The Ruins","Germany",10.5,51.5
"The Ruins","Australia",135,-25
"Prom Night","Canada",-113.64258,60.10867
"The Forbidden Kingdom","China",105,35
"Made of Honor","UK",-2.69531,54.75844
"Where in the World Is Osama Bin Laden?","France",2,46
"Speed Racer","Australia",135,-25
"Speed Racer","Germany",10.5,51.5
"The Chronicles of Narnia: Prince Caspian","Poland",20,52
"The Chronicles of Narnia: Prince Caspian","Slovenia",15.16667,46.25
"The Chronicles of Narnia: Prince Caspian","Czech Republic",15,49.75
"Waltz with Bashir","Israel",34.75,31.5
"Waltz with Bashir","France",2,46
"Waltz with Bashir","Germany",10.5,51.5
"Waltz with Bashir","Finland",26,64
"Waltz with Bashir","Switzerland",8.01427,47.00016
"Waltz with Bashir","Belgium",4,50.83333
"Waltz with Bashir","Australia",135,-25
"The Children of Huang Shi","Australia",135,-25
"The Children of Huang Shi","China",105,35
"The Children of Huang Shi","Germany",10.5,51.5
"The Happening","India",77,20
"The Love Guru","UK",-2.69531,54.75844
"The Love Guru","Germany",10.5,51.5
"Wanted","Germany",10.5,51.5
"Kit Kittredge: An American Girl","Canada",-113.64258,60.10867
"Outlander","Germany",10.5,51.5
"Outlander","France",2,46
"Hellboy II: The Golden Army","Germany",10.5,51.5
"Mamma Mia!","UK",-2.69531,54.75844
"Mamma Mia!","Germany",10.5,51.5
"The Dark Knight","UK",-2.69531,54.75844
"The X Files: I Want to Believe","Canada",-113.64258,60.10867
"The Wackness","UK",-2.69531,54.75844
"The Mummy: Tomb of the Dragon Emperor","China",105,35
"The Mummy: Tomb of the Dragon Emperor","Germany",10.5,51.5
"The Mummy: Tomb of the Dragon Emperor","Canada",-113.64258,60.10867
"The Sisterhood of the Traveling Pants 2","Greece",22,39
"Tropic Thunder","UK",-2.69531,54.75844
"Tropic Thunder","Germany",10.5,51.5
"Mirrors","Romania",25,46
"Mirrors","Germany",10.5,51.5
"Mirrors","Spain",-4,40
"Mirrors","France",2,46
"Vicky Cristina Barcelona","Spain",-4,40
"Death Race","Germany",10.5,51.5
"Death Race","UK",-2.69531,54.75844
"Man on Wire","UK",-2.69531,54.75844
"Fly Me to the Moon 3D","Belgium",4,50.83333
"Burn After Reading","UK",-2.69531,54.75844
"Burn After Reading","France",2,46
"Igor","France",2,46
"Eagle Eye","Germany",10.5,51.5
"Miracle at St. Anna","Italy",12.83333,42.83333
"Nights in Rodanthe","Australia",135,-25
"Flash of Genius","Canada",-113.64258,60.10867
"The Express","Germany",10.5,51.5
"Body of Lies","UK",-2.69531,54.75844
"The Duchess","UK",-2.69531,54.75844
"The Duchess","Italy",12.83333,42.83333
"The Duchess","France",2,46
"W.","Australia",135,-25
"W.","Hong Kong",114.1577,22.28552
"W.","Switzerland",8.01427,47.00016
"W.","China",105,35
"Max Payne","Canada",-113.64258,60.10867
"Pride and Glory","Germany",10.5,51.5
"Passengers","Canada",-113.64258,60.10867
"Saw V","Canada",-113.64258,60.10867
"Noah's Arc: Jumping the Broom","Canada",-113.64258,60.10867
"Roadside Romeo","India",77,20
"RocknRolla","UK",-2.69531,54.75844
"RocknRolla","France",2,46
"Role Models","Germany",10.5,51.5
"Quantum of Solace","UK",-2.69531,54.75844
"Transporter 3","France",2,46
"Transporter 3","UK",-2.69531,54.75844
"The Boy in the Striped Pajamas","UK",-2.69531,54.75844
"Four Christmases","Germany",10.5,51.5
"Australia","Australia",135,-25
"Australia","UK",-2.69531,54.75844
"Punisher: War Zone","Canada",-113.64258,60.10867
"Punisher: War Zone","Germany",10.5,51.5
"Sleep Dealer","Mexico",-102,23
"The Day the Earth Stood Still","Canada",-113.64258,60.10867
"Yes Man","Australia",135,-25
"The Tale of Despereaux","UK",-2.69531,54.75844
"Free Style","Canada",-113.64258,60.10867
"Free Style","Germany",10.5,51.5
"Valkyrie","Germany",10.5,51.5
"Slumdog Millionaire","UK",-2.69531,54.75844
"Gran Torino","Germany",10.5,51.5
"Inkheart","Germany",10.5,51.5
"Inkheart","UK",-2.69531,54.75844
"Revolutionary Road","UK",-2.69531,54.75844
"Frost/Nixon","UK",-2.69531,54.75844
"Frost/Nixon","France",2,46
"The Wrestler","France",2,46
"The Reader","Germany",10.5,51.5
"The Other End of the Line","UK",-2.69531,54.75844
"The Other End of the Line","India",77,20
"Two Lovers","France",2,46
"Sugar","Dominican Republic",-70.66667,19
"Tyson","France",2,46
"Rudo y Cursi","Mexico",-102,23
"The Burning Plain","Argentina",-64,-34
"Me and Orson Welles","UK",-2.69531,54.75844
"Me and Orson Welles","Isle of Man",-4.5,54.25
"Youssou Ndour: I Bring What I Love","Senegal",-14,14
"Youssou Ndour: I Bring What I Love","France",2,46
"Youssou Ndour: I Bring What I Love","Egypt",30,27
"Alien Trespass","Canada",-113.64258,60.10867
"Chandni Chowk to China","India",77,20
"Hotel for Dogs","Germany",10.5,51.5
"Underworld: Rise of the Lycans","New Zealand",174,-42
"New in Town","Canada",-113.64258,60.10867
"The Uninvited","Canada",-113.64258,60.10867
"The Uninvited","Germany",10.5,51.5
"He's Just Not That Into You","Germany",10.5,51.5
"He's Just Not That Into You","Netherlands",5.75,52.5
"Push","Canada",-113.64258,60.10867
"The International","Germany",10.5,51.5
"The International","UK",-2.69531,54.75844
"Under the Sea 3D","Canada",-113.64258,60.10867
"Street Fighter: The Legend of Chun-Li","Canada",-113.64258,60.10867
"Street Fighter: The Legend of Chun-Li","India",77,20
"Street Fighter: The Legend of Chun-Li","Japan",139.75309,35.68536
"Duplicity","Germany",10.5,51.5
"Knowing","UK",-2.69531,54.75844
"Knowing","Australia",135,-25
"The Haunting in Connecticut","Canada",-113.64258,60.10867
"Dragonball: Evolution","Hong Kong",114.1577,22.28552
"Dragonball: Evolution","UK",-2.69531,54.75844
"Sin Nombre","Mexico",-102,23
"State of Play","UK",-2.69531,54.75844
"State of Play","France",2,46
"The Soloist","UK",-2.69531,54.75844
"The Soloist","France",2,46
"X-Men Origins: Wolverine","UK",-2.69531,54.75844
"Star Trek","Germany",10.5,51.5
"Angels & Demons","Italy",12.83333,42.83333
"Terminator Salvation","Germany",10.5,51.5
"Terminator Salvation","UK",-2.69531,54.75844
"Terminator Salvation","Italy",12.83333,42.83333
"Night at the Museum: Battle of the Smithsonian","Canada",-113.64258,60.10867
"My Life in Ruins","Spain",-4,40
"The Hangover","Germany",10.5,51.5
"The Taking of Pelham 1 2 3","UK",-2.69531,54.75844
"Imagine That","Germany",10.5,51.5
"Amreeka","United Arab Emirates",54,24
"Amreeka","Canada",-113.64258,60.10867
"Amreeka","Kuwait",47.75,29.5
"Amreeka","Jordan",36,31
"Away We Go","UK",-2.69531,54.75844
"Tetro","Argentina",-64,-34
"Tetro","Spain",-4,40
"Tetro","Italy",12.83333,42.83333
"Public Enemies","Japan",139.75309,35.68536
"Whatever Works","France",2,46
"I Love You, Beth Cooper","Canada",-113.64258,60.10867
"Harry Potter and the Half-Blood Prince","UK",-2.69531,54.75844
"Orphan","Canada",-113.64258,60.10867
"Orphan","Germany",10.5,51.5
"Orphan","France",2,46
"Aliens in the Attic","Canada",-113.64258,60.10867
"G.I. Joe: The Rise of Cobra","Czech Republic",15,49.75
"District 9","New Zealand",174,-42
"District 9","Canada",-113.64258,60.10867
"District 9","South Africa",24,-29
"Shorts","United Arab Emirates",54,24
"Inglourious Basterds","Germany",10.5,51.5
"Whiteout","Canada",-113.64258,60.10867
"Whiteout","France",2,46
"Whiteout","Turkey",34.91155,39.05901
"Love Happens","Canada",-113.64258,60.10867
"Love Happens","UK",-2.69531,54.75844
"The Limits of Control","Japan",139.75309,35.68536
"Where the Wild Things Are","Germany",10.5,51.5
"Where the Wild Things Are","Australia",135,-25
"Amelia","Canada",-113.64258,60.10867
"Astro Boy","Hong Kong",114.1577,22.28552
"Astro Boy","Japan",139.75309,35.68536
"Saw VI","Canada",-113.64258,60.10867
"Saw VI","UK",-2.69531,54.75844
"Saw VI","Australia",135,-25
"A Serious Man","UK",-2.69531,54.75844
"A Serious Man","France",2,46
"The Fourth Kind","UK",-2.69531,54.75844
"The Men Who Stare at Goats","UK",-2.69531,54.75844
"Planet 51","Spain",-4,40
"Planet 51","UK",-2.69531,54.75844
"Ninja Assassin","Germany",10.5,51.5
"Avatar","UK",-2.69531,54.75844
"Sherlock Holmes","Germany",10.5,51.5
"Nine","Italy",12.83333,42.83333
"It's Complicated","Japan",139.75309,35.68536
"Daybreakers","Australia",135,-25
"The Young Victoria","UK",-2.69531,54.75844
"The Lovely Bones","UK",-2.69531,54.75844
"The Lovely Bones","New Zealand",174,-42
"An Education","UK",-2.69531,54.75844
"Ondine","Ireland",-8,53
"Chloe","Canada",-113.64258,60.10867
"Chloe","France",2,46
"The Perfect Game","Canada",-113.64258,60.10867
"The Perfect Game","Mexico",-102,23
"Oceans","France",2,46
"Oceans","Switzerland",8.01427,47.00016
"Oceans","Spain",-4,40
"Oceans","United Arab Emirates",54,24
"Cold Souls","France",2,46
"Princess Kaiulani","UK",-2.69531,54.75844
"Splice","Canada",-113.64258,60.10867
"Splice","France",2,46
"Mother and Child","Spain",-4,40
"Get Low","Germany",10.5,51.5
"Get Low","Poland",20,52
"Case 39","Canada",-113.64258,60.10867
"I Love You Phillip Morris","France",2,46
"Leonie","France",2,46
"Leonie","UK",-2.69531,54.75844
"Leonie","Australia",135,-25
"Leonie","Germany",10.5,51.5
"Leonie","Belgium",4,50.83333
"Leonie","Japan",139.75309,35.68536
"Leap Year","Ireland",-8,53
"Tooth Fairy","Canada",-113.64258,60.10867
"Edge of Darkness","UK",-2.69531,54.75844
"From Paris with Love","France",2,46
"Percy Jackson & the Olympians: The Lightning Thief","Canada",-113.64258,60.10867
"Percy Jackson & the Olympians: The Lightning Thief","UK",-2.69531,54.75844
"The Crazies","United Arab Emirates",54,24
"Green Zone","France",2,46
"Green Zone","Spain",-4,40
"Green Zone","UK",-2.69531,54.75844
"Repo Men","Canada",-113.64258,60.10867
"The Extraordinary Adventures of Ad�le Blanc-Sec","France",2,46
"Kick-Ass","UK",-2.69531,54.75844
"Furry Vengeance","United Arab Emirates",54,24
"Robin Hood","UK",-2.69531,54.75844
"The Killer Inside Me","Sweden",15,62
"The Killer Inside Me","UK",-2.69531,54.75844
"The Killer Inside Me","Canada",-113.64258,60.10867
"The Karate Kid","China",105,35
"Inception","UK",-2.69531,54.75844
"Charlie St. Cloud","Canada",-113.64258,60.10867
"Cats & Dogs: The Revenge of Kitty Galore","Australia",135,-25
"Twelve","France",2,46
"Scott Pilgrim vs. the World","UK",-2.69531,54.75844
"Scott Pilgrim vs. the World","Canada",-113.64258,60.10867
"Scott Pilgrim vs. the World","Japan",139.75309,35.68536
"Nanny McPhee Returns","UK",-2.69531,54.75844
"Nanny McPhee Returns","France",2,46
"The Last Exorcism","France",2,46
"The American","UK",-2.69531,54.75844
"Resident Evil: Afterlife","Germany",10.5,51.5
"Resident Evil: Afterlife","France",2,46
"Resident Evil: Afterlife","Canada",-113.64258,60.10867
"Alpha and Omega","India",77,20
"Alpha and Omega","Canada",-113.64258,60.10867
"Legend of the Guardians: The Owls of Ga'Hoole","Australia",135,-25
"Let Me In","UK",-2.69531,54.75844
"Never Let Me Go","UK",-2.69531,54.75844
"Buried","Spain",-4,40
"Buried","France",2,46
"Exporting Raymond","Russia",100,60
"You Will Meet a Tall Dark Stranger","Spain",-4,40
"Saw 3D: The Final Chapter","Canada",-113.64258,60.10867
"Senna","UK",-2.69531,54.75844
"Senna","France",2,46
"Senna","Brazil",-55,-10
"Harry Potter and the Deathly Hallows: Part 1","UK",-2.69531,54.75844
"The Way","Spain",-4,40
"The Next Three Days","France",2,46
"London Boulevard","UK",-2.69531,54.75844
"Fair Game","United Arab Emirates",54,24
"Tucker and Dale vs. Evil","Canada",-113.64258,60.10867
"Tucker and Dale vs. Evil","India",77,20
"Tucker and Dale vs. Evil","UK",-2.69531,54.75844
"The Tourist","France",2,46
"The Tourist","Italy",12.83333,42.83333
"Yogi Bear","New Zealand",174,-42
"The King's Speech","UK",-2.69531,54.75844
"The King's Speech","Australia",135,-25
"The Last Godfather","South Korea",127.5,37
"Love Ranch","Germany",10.5,51.5
"Somewhere","UK",-2.69531,54.75844
"Somewhere","Italy",12.83333,42.83333
"Somewhere","Japan",139.75309,35.68536
"The Way Back","United Arab Emirates",54,24
"The Way Back","Poland",20,52
"The Extra Man","France",2,46
"127 Hours","UK",-2.69531,54.75844
"The Company Men","UK",-2.69531,54.75844
"Last Night","France",2,46
"Submarine","UK",-2.69531,54.75844
"Insidious","Canada",-113.64258,60.10867
"Wrecked","Canada",-113.64258,60.10867
"The First Grader","UK",-2.69531,54.75844
"The First Grader","Kenya",38,1
"Don't Be Afraid of the Dark","Australia",135,-25
"Don't Be Afraid of the Dark","Mexico",-102,23
"The Debt","UK",-2.69531,54.75844
"The Debt","Hungary",20,47
"The Debt","Israel",34.75,31.5
"Cave of Forgotten Dreams","Canada",-113.64258,60.10867
"Cave of Forgotten Dreams","France",2,46
"Cave of Forgotten Dreams","Germany",10.5,51.5
"Cave of Forgotten Dreams","UK",-2.69531,54.75844
"The Whistleblower","Germany",10.5,51.5
"The Whistleblower","Canada",-113.64258,60.10867
"Beautiful Boy","Canada",-113.64258,60.10867
"Welcome to the Rileys","UK",-2.69531,54.75844
"Bringing Up Bobby","Netherlands",5.75,52.5
"Bringing Up Bobby","UK",-2.69531,54.75844
"Life in a Day","UK",-2.69531,54.75844
"The Rite","Hungary",20,47
"The Rite","Italy",12.83333,42.83333
"From Prada to Nada","Mexico",-102,23
"Sanctum","Australia",135,-25
"The Eagle","UK",-2.69531,54.75844
"The Eagle","Hungary",20,47
"Gnomeo & Juliet","UK",-2.69531,54.75844
"The Last Lions","Botswana",24,-22
"Take Me Home Tonight","Germany",10.5,51.5
"Red Riding Hood","Canada",-113.64258,60.10867
"Paul","UK",-2.69531,54.75844
"There Be Dragons","Spain",-4,40
"Sucker Punch","Canada",-113.64258,60.10867
"Source Code","Canada",-113.64258,60.10867
"Hanna","UK",-2.69531,54.75844
"Hanna","Germany",10.5,51.5
"Jane Eyre","UK",-2.69531,54.75844
"The Beaver","United Arab Emirates",54,24
"Pirates of the Caribbean: On Stranger Tides","UK",-2.69531,54.75844
"The Ledge","Germany",10.5,51.5
"The Ledge","Saudi Arabia",45,25
"X-Men: First Class","UK",-2.69531,54.75844
"Midnight in Paris","Spain",-4,40
"Midnight in Paris","France",2,46
"Snow Flower and the Secret Fan","China",105,35
"Monte Carlo","Hungary",20,47
"Harry Potter and the Deathly Hallows: Part 2","UK",-2.69531,54.75844
"The Help","India",77,20
"The Help","United Arab Emirates",54,24
"Project Nim","UK",-2.69531,54.75844
"30 Minutes or Less","Germany",10.5,51.5
"30 Minutes or Less","Canada",-113.64258,60.10867
"Final Destination 5","Canada",-113.64258,60.10867
"The Future","Germany",10.5,51.5
"The Future","France",2,46
"One Day","UK",-2.69531,54.75844
"Colombiana","France",2,46
"The Family Tree","Australia",135,-25
"Apollo 18","Canada",-113.64258,60.10867
"Contagion","United Arab Emirates",54,24
"Dream House","Canada",-113.64258,60.10867
"Intruders","UK",-2.69531,54.75844
"Intruders","Spain",-4,40
"Real Steel","India",77,20
"The Thing","Canada",-113.64258,60.10867
"The Three Musketeers","Germany",10.5,51.5
"The Three Musketeers","France",2,46
"The Three Musketeers","UK",-2.69531,54.75844
"We Need to Talk About Kevin","UK",-2.69531,54.75844
"Johnny English Reborn","France",2,46
"Johnny English Reborn","UK",-2.69531,54.75844
"Trespass","Bulgaria",25,43
"Anonymous","UK",-2.69531,54.75844
"Anonymous","Germany",10.5,51.5
"Arthur Christmas","UK",-2.69531,54.75844
"The Deep Blue Sea","UK",-2.69531,54.75844
"The Girl with the Dragon Tattoo","Sweden",15,62
"The Girl with the Dragon Tattoo","Norway",10,62
"Mission: Impossible - Ghost Protocol","United Arab Emirates",54,24
"Mission: Impossible - Ghost Protocol","Czech Republic",15,49.75
"The Adventures of Tintin","New Zealand",174,-42
"My Week with Marilyn","UK",-2.69531,54.75844
"War Horse","UK",-2.69531,54.75844
"Haywire","Ireland",-8,53
"The Artist","France",2,46
"The Artist","Belgium",4,50.83333
"Circumstance","France",2,46
"Circumstance","Iran",53,32
"Ghost Rider: Spirit of Vengeance","United Arab Emirates",54,24
"Albert Nobbs","UK",-2.69531,54.75844
"Albert Nobbs","Ireland",-8,53
"Albert Nobbs","France",2,46
"Goon","Canada",-113.64258,60.10867
"Silent House","France",2,46
"Into the Abyss","UK",-2.69531,54.75844
"Into the Abyss","Germany",10.5,51.5
"Paul Williams Still Alive","Philippines",122,13
"The Raid: Redemption","Indonesia",120,-5
"The Divide","Germany",10.5,51.5
"The Divide","Canada",-113.64258,60.10867
"The Divide","France",2,46
"The Best Exotic Marigold Hotel","UK",-2.69531,54.75844
"The Best Exotic Marigold Hotel","United Arab Emirates",54,24
"Samsara","Indonesia",120,-5
"Samsara","Singapore",103.8,1.36667
"Samsara","Thailand",100,15
"Samsara","Kenya",38,1
"Samsara","Denmark",10,56
"Samsara","Brazil",-55,-10
"Samsara","Jordan",36,31
"Samsara","United Arab Emirates",54,24
"Samsara","Saudi Arabia",45,25
"Samsara","South Africa",24,-29
"Samsara","Italy",12.83333,42.83333
"Samsara","Ghana",-1.2,8.1
"Samsara","Egypt",30,27
"Samsara","China",105,35
"Samsara","Japan",139.75309,35.68536
"4:44 Last Day on Earth","Switzerland",8.01427,47.00016
"4:44 Last Day on Earth","France",2,46
"You're Next","UK",-2.69531,54.75844
"Contraband","UK",-2.69531,54.75844
"Contraband","France",2,46
"Runaway Slave","Israel",34.75,31.5
"Big Miracle","UK",-2.69531,54.75844
"Safe House","South Africa",24,-29
"Safe House","Japan",139.75309,35.68536
"The Vow","France",2,46
"The Vow","Australia",135,-25
"The Vow","UK",-2.69531,54.75844
"The Vow","Germany",10.5,51.5
"ATM","Canada",-113.64258,60.10867
"Red Lights","Spain",-4,40
"Wrath of the Titans","Spain",-4,40
"Mirror Mirror","Canada",-113.64258,60.10867
"Marley","UK",-2.69531,54.75844
"The Pirates! Band of Misfits","UK",-2.69531,54.75844
"The Raven","Spain",-4,40
"The Raven","Hungary",20,47
"The Raven","Serbia",20.45998,44.81892
"The Five-Year Engagement","Japan",139.75309,35.68536
"Dark Shadows","Australia",135,-25
"On the Road","France",2,46
"On the Road","UK",-2.69531,54.75844
"On the Road","Brazil",-55,-10
"On the Road","Canada",-113.64258,60.10867
"On the Road","Argentina",-64,-34
"Prometheus","UK",-2.69531,54.75844
"Lay the Favorite","UK",-2.69531,54.75844
"Lay the Favorite","France",2,46
"Seeking a Friend for the End of the World","Singapore",103.8,1.36667
"Seeking a Friend for the End of the World","Malaysia",112.5,2.5
"Seeking a Friend for the End of the World","Indonesia",120,-5
"To Rome with Love","Italy",12.83333,42.83333
"To Rome with Love","Spain",-4,40
"Soldiers of Fortune","Russia",100,60
"The Dark Knight Rises","UK",-2.69531,54.75844
"Something from Nothing: The Art of Rap","UK",-2.69531,54.75844
"Diary of a Wimpy Kid: Dog Days","Canada",-113.64258,60.10867
"Total Recall","Canada",-113.64258,60.10867
"No","Chile",-71,-30
"No","France",2,46
"No","Mexico",-102,23
"The Bourne Legacy","Japan",139.75309,35.68536
"The Possession","Canada",-113.64258,60.10867
"The Cold Light of Day","Spain",-4,40
"Branded","Russia",100,60
"Resident Evil: Retribution","Germany",10.5,51.5
"Resident Evil: Retribution","Canada",-113.64258,60.10867
"Resident Evil: Retribution","France",2,46
"Arbitrage","Poland",20,52
"Dredd","UK",-2.69531,54.75844
"Dredd","India",77,20
"Dredd","South Africa",24,-29
"House at the End of the Street","Canada",-113.64258,60.10867
"Looper","China",105,35
"Trade of Innocents","Thailand",100,15
"Escape Fire: The Fight to Rescue American Healthcare","China",105,35
"Escape Fire: The Fight to Rescue American Healthcare","Germany",10.5,51.5
"Sinister","Canada",-113.64258,60.10867
"Sinister","UK",-2.69531,54.75844
"Alex Cross","France",2,46
"Cloud Atlas","Germany",10.5,51.5
"Cloud Atlas","Hong Kong",114.1577,22.28552
"Cloud Atlas","Singapore",103.8,1.36667
"Silent Hill: Revelation 3D","France",2,46
"Silent Hill: Revelation 3D","Canada",-113.64258,60.10867
"The Man with the Iron Fists","Hong Kong",114.1577,22.28552
"Skyfall","UK",-2.69531,54.75844
"Deadfall","France",2,46
"30 Beats","France",2,46
"Lincoln","India",77,20
"Life of Pi","Taiwan",121,24
"Life of Pi","UK",-2.69531,54.75844
"Life of Pi","Canada",-113.64258,60.10867
"Life of Pi","France",2,46
"West of Memphis","New Zealand",174,-42
"Silent Night","Canada",-113.64258,60.10867
"Hitchcock","UK",-2.69531,54.75844
"The Hobbit: An Unexpected Journey","New Zealand",174,-42
"Les Mis�rables","UK",-2.69531,54.75844
"The Impossible","Spain",-4,40
"Promised Land","United Arab Emirates",54,24
"The Package","Canada",-113.64258,60.10867
"The Lords of Salem","UK",-2.69531,54.75844
"The Lords of Salem","Canada",-113.64258,60.10867
"The Company You Keep","Canada",-113.64258,60.10867
"The Reluctant Fundamentalist","UK",-2.69531,54.75844
"The Reluctant Fundamentalist","Qatar",51.25,25.5
"No Place on Earth","UK",-2.69531,54.75844
"No Place on Earth","Germany",10.5,51.5
"No One Lives","UK",-2.69531,54.75844
"Byzantium","UK",-2.69531,54.75844
"Byzantium","Ireland",-8,53
"Emperor","Japan",139.75309,35.68536
"Jayne Mansfield's Car","Russia",100,60
"The Summit","Ireland",-8,53
"The Summit","UK",-2.69531,54.75844
"Great Expectations","UK",-2.69531,54.75844
"The Girl","Mexico",-102,23
"For No Good Reason","UK",-2.69531,54.75844
"Aftershock","Chile",-71,-30
"War of the Worlds: Goliath","Malaysia",112.5,2.5
"War of the Worlds: Goliath","Japan",139.75309,35.68536
"The Queen of Versailles","Netherlands",5.75,52.5
"The Queen of Versailles","UK",-2.69531,54.75844
"The Queen of Versailles","Denmark",10,56
"Mother of George","Nigeria",8,10
"Hansel & Gretel: Witch Hunters","Germany",10.5,51.5
"Warm Bodies","Canada",-113.64258,60.10867
"Escape from Planet Earth","Canada",-113.64258,60.10867
"Snitch","United Arab Emirates",54,24
"The Last Exorcism Part II","France",2,46
"Stoker","UK",-2.69531,54.75844
"Girl on a Bicycle","Germany",10.5,51.5
"Girl on a Bicycle","France",2,46
"Trance","UK",-2.69531,54.75844
"Trance","France",2,46
"The Host","Switzerland",8.01427,47.00016
"Iron Man 3","China",105,35
"The Great Gatsby","Australia",135,-25
"Only God Forgives","Denmark",10,56
"Only God Forgives","Sweden",15,62
"Only God Forgives","Thailand",100,15
"Only God Forgives","France",2,46
"Now You See Me","France",2,46
"V/H/S/2","Canada",-113.64258,60.10867
"V/H/S/2","Indonesia",120,-5
"The Purge","France",2,46
"Man of Steel","Canada",-113.64258,60.10867
"Man of Steel","UK",-2.69531,54.75844
"Before Midnight","Greece",22,39
"The Bling Ring","UK",-2.69531,54.75844
"The Bling Ring","France",2,46
"The Bling Ring","Germany",10.5,51.5
"The Bling Ring","Japan",139.75309,35.68536
"World War Z","Malta",14.43333,35.91667
"Redemption","UK",-2.69531,54.75844
"The East","UK",-2.69531,54.75844
"Man of Tai Chi","China",105,35
"Man of Tai Chi","Hong Kong",114.1577,22.28552
"RED 2","France",2,46
"RED 2","Canada",-113.64258,60.10867
"The Wolverine","UK",-2.69531,54.75844
"Jobs","Switzerland",8.01427,47.00016
"Paranoia","India",77,20
"Paranoia","France",2,46
"Kick-Ass 2","UK",-2.69531,54.75844
"Kick-Ass 2","Japan",139.75309,35.68536
"The Mortal Instruments: City of Bones","Germany",10.5,51.5
"The Mortal Instruments: City of Bones","Canada",-113.64258,60.10867
"The World's End","UK",-2.69531,54.75844
"The World's End","Japan",139.75309,35.68536
"Getaway","Bulgaria",25,43
"Good Ol' Freda","UK",-2.69531,54.75844
"Riddick","UK",-2.69531,54.75844
"The Family","France",2,46
"Charlie Countryman","Romania",25,46
"Insidious: Chapter 2","Canada",-113.64258,60.10867
"The Lunchbox","India",77,20
"The Lunchbox","France",2,46
"The Lunchbox","Germany",10.5,51.5
"Austenland","UK",-2.69531,54.75844
"Rush","UK",-2.69531,54.75844
"Rush","Germany",10.5,51.5
"Gravity","UK",-2.69531,54.75844
"Machete Kills","Russia",100,60
"Walking with the Enemy","Romania",25,46
"Walking with the Enemy","Hungary",20,47
"Walking with the Enemy","Canada",-113.64258,60.10867
"The Fifth Estate","India",77,20
"The Fifth Estate","Belgium",4,50.83333
"The Counselor","UK",-2.69531,54.75844
"We Are What We Are","France",2,46
"One Chance","UK",-2.69531,54.75844
"Blood Ties","France",2,46
"The Christmas Candle","UK",-2.69531,54.75844
"Delivery Man","India",77,20
"The Book Thief","Germany",10.5,51.5
"Out of the Furnace","UK",-2.69531,54.75844
"The Hobbit: The Desolation of Smaug","New Zealand",174,-42
"Walking with Dinosaurs 3D","UK",-2.69531,54.75844
"Walking with Dinosaurs 3D","Australia",135,-25
"Saving Mr. Banks","UK",-2.69531,54.75844
"Saving Mr. Banks","Australia",135,-25
"The Secret Life of Walter Mitty","Canada",-113.64258,60.10867
"Inside Llewyn Davis","UK",-2.69531,54.75844
"Inside Llewyn Davis","France",2,46
"Under the Skin","UK",-2.69531,54.75844
"Under the Skin","Switzerland",8.01427,47.00016
"Narco Cultura","Mexico",-102,23
"Make Your Move","South Korea",127.5,37
"Locke","UK",-2.69531,54.75844
"Filth","UK",-2.69531,54.75844
"Filth","Germany",10.5,51.5
"Filth","Sweden",15,62
"Filth","Belgium",4,50.83333
"Legends of Oz: Dorothy's Return","India",77,20
"Chinese Puzzle","France",2,46
"Chinese Puzzle","Belgium",4,50.83333
"Jodorowsky's Dune","France",2,46
"The Art of the Steal","Canada",-113.64258,60.10867
"Snowpiercer","South Korea",127.5,37
"Snowpiercer","Czech Republic",15,49.75
"Snowpiercer","France",2,46
"The Zero Theorem","UK",-2.69531,54.75844
"The Zero Theorem","Romania",25,46
"The Zero Theorem","France",2,46
"Jimi: All Is by My Side","UK",-2.69531,54.75844
"Jimi: All Is by My Side","Ireland",-8,53
"Third Person","Belgium",4,50.83333
"Third Person","France",2,46
"Third Person","UK",-2.69531,54.75844
"Third Person","Germany",10.5,51.5
"Afflicted","Canada",-113.64258,60.10867
"Jack Ryan: Shadow Recruit","Russia",100,60
"The Nut Job","Canada",-113.64258,60.10867
"The Nut Job","South Korea",127.5,37
"Land Ho!","Iceland",-18,65
"The Monuments Men","Germany",10.5,51.5
"The Lego Movie","Australia",135,-25
"The Lego Movie","Denmark",10,56
"Vampire Academy","India",77,20
"3 Days to Kill","France",2,46
"Pompeii","Canada",-113.64258,60.10867
"Pompeii","Germany",10.5,51.5
"Non-Stop","UK",-2.69531,54.75844
"Non-Stop","France",2,46
"Need for Speed","India",77,20
"The Bag Man","Bahamas",-77.37122,25.04082
"Cesar Chavez","Mexico",-102,23
"The Raid 2","Indonesia",120,-5
"Transcendence","UK",-2.69531,54.75844
"Transcendence","China",105,35
"The Quiet Ones","UK",-2.69531,54.75844
"The Hornet's Nest","Afghanistan",66,33
"Godzilla","Japan",139.75309,35.68536
"X-Men: Days of Future Past","UK",-2.69531,54.75844
"Maleficent","UK",-2.69531,54.75844
"Edge of Tomorrow","Canada",-113.64258,60.10867
"The Rover","Australia",135,-25
"The Homesman","France",2,46
"Transformers: Age of Extinction","China",105,35
"The Purge: Anarchy","France",2,46
"Guardians of the Galaxy","UK",-2.69531,54.75844
"The Hundred-Foot Journey","India",77,20
"The Hundred-Foot Journey","United Arab Emirates",54,24
"The Expendables 3","France",2,46
"The November Man","UK",-2.69531,54.75844
"The Two Faces of January","UK",-2.69531,54.75844
"The Two Faces of January","France",2,46
"Island of Lemurs: Madagascar","Canada",-113.64258,60.10867
"Island of Lemurs: Madagascar","Madagascar",47,-20
"Pump","China",105,35
"White Bird in a Blizzard","France",2,46
"Left Behind","Canada",-113.64258,60.10867
"Dead Snow 2: Red vs. Dead","Norway",10,62
"Dead Snow 2: Red vs. Dead","Iceland",-18,65
"Dead Snow 2: Red vs. Dead","UK",-2.69531,54.75844
"The Hero of Color City","India",77,20
"The Hero of Color City","South Korea",127.5,37
"Fury","China",105,35
"Fury","UK",-2.69531,54.75844
"Before I Go to Sleep","UK",-2.69531,54.75844
"Before I Go to Sleep","France",2,46
"Before I Go to Sleep","Sweden",15,62
"Love Is Strange","France",2,46
"Love Is Strange","Brazil",-55,-10
"Love Is Strange","Greece",22,39
"The Good Lie","Kenya",38,1
"The Good Lie","India",77,20
"My Old Lady","UK",-2.69531,54.75844
"My Old Lady","France",2,46
"The Green Prince","Germany",10.5,51.5
"The Green Prince","UK",-2.69531,54.75844
"The Green Prince","Israel",34.75,31.5
"Exodus: Gods and Kings","UK",-2.69531,54.75844
"Exodus: Gods and Kings","Spain",-4,40
"Night at the Museum: Secret of the Tomb","UK",-2.69531,54.75844
"The Imitation Game","UK",-2.69531,54.75844
"Into the Woods","UK",-2.69531,54.75844
"Into the Woods","Canada",-113.64258,60.10867
"The Water Diviner","Australia",135,-25
"The Water Diviner","Turkey",34.91155,39.05901
"The Woman in Black 2: Angel of Death","UK",-2.69531,54.75844
"The Woman in Black 2: Angel of Death","Canada",-113.64258,60.10867
"Red Army","Russia",100,60
"A Most Violent Year","United Arab Emirates",54,24
"What We Do in the Shadows","New Zealand",174,-42
"Still Alice","France",2,46
"Citizenfour","Germany",10.5,51.5
"Citizenfour","UK",-2.69531,54.75844
"Serena","France",2,46
"Serena","Czech Republic",15,49.75
"Maps to the Stars","Canada",-113.64258,60.10867
"Maps to the Stars","Germany",10.5,51.5
"Maps to the Stars","France",2,46
"Kill Me Three Times","Australia",135,-25
"Clouds of Sils Maria","France",2,46
"Clouds of Sils Maria","Switzerland",8.01427,47.00016
"Clouds of Sils Maria","Germany",10.5,51.5
"Clouds of Sils Maria","Belgium",4,50.83333
"Unfriended","Russia",100,60
"Unfriended","Poland",20,52
"Unfriended","Germany",10.5,51.5
"Unfriended","Puerto Rico",-66.49989,18.24829
"Skin Trade","Thailand",100,15
"Skin Trade","Canada",-113.64258,60.10867
"Sunshine Superman","Norway",10,62
"Jupiter Ascending","UK",-2.69531,54.75844
"Focus","Argentina",-64,-34
"Chappie","Mexico",-102,23
"The Second Best Exotic Marigold Hotel","UK",-2.69531,54.75844
"Cinderella","UK",-2.69531,54.75844
"Freetown","Ghana",-1.2,8.1
"Woman in Gold","UK",-2.69531,54.75844
"Child 44","Czech Republic",15,49.75
"Child 44","UK",-2.69531,54.75844
"Child 44","Romania",25,46
"Little Boy","Mexico",-102,23
"The D Train","UK",-2.69531,54.75844
"Maggie","Switzerland",8.01427,47.00016
"Mad Max: Fury Road","Australia",135,-25
"Tomorrowland","Spain",-4,40
"Far from the Madding Crowd","UK",-2.69531,54.75844
"Poltergeist","Canada",-113.64258,60.10867
"Insidious: Chapter 3","Canada",-113.64258,60.10867
"Jurassic World","China",105,35
"L.A. Slasher","UK",-2.69531,54.75844
